{"version":12,"screenWidth":1080,"screenHeight":2400,"scenario":{"scenario":{"id":2,"name":"Default name","detectionQuality":1200,"endConditionOperator":2},"events":[{"event":{"id":2,"scenarioId":2,"name":"Default event","conditionOperator":1,"priority":0},"actions":[{"action":{"id":3,"eventId":2,"name":"Click","type":"CLICK","clickPositionType":"ON_DETECTED_CONDITION","x":977,"y":2185,"clickOnConditionId":2,"pressDuration":100},"intentExtras":[]},{"action":{"id":4,"eventId":2,"priority":1,"name":"Intent","type":"INTENT","isAdvanced":true,"isBroadcast":false,"intentAction":"android.intent.action.MAIN","componentName":"com.buzbuz.smartautoclicker.debug/com.android.clicker.MainActivity","flags":335544320},"intentExtras":[]},{"action":{"id":5,"eventId":2,"priority":2,"name":"Click","type":"CLICK","clickPositionType":"USER_SELECTED","x":199,"y":205,"pressDuration":100},"intentExtras":[]}],"conditions":[{"id":2,"eventId":2,"name":"Condition","path":"Condition_1124553","areaLeft":916,"areaTop":2104,"areaRight":1037,"areaBottom":2251,"threshold":20,"detectionType":1,"shouldBeDetected":true}]},{"event":{"id":3,"scenarioId":2,"name":"Default event","conditionOperator":1,"priority":1},"actions":[{"action":{"id":6,"eventId":3,"name":"Intent","type":"INTENT","isAdvanced":true,"isBroadcast":false,"intentAction":"android.intent.action.MAIN","componentName":"com.buzbuz.smartautoclicker.debug/com.android.clicker.MainActivity","flags":335544320},"intentExtras":[]},{"action":{"id":7,"eventId":3,"priority":1,"name":"Click","type":"CLICK","clickPositionType":"USER_SELECTED","x":770,"y":172,"pressDuration":100},"intentExtras":[]}],"conditions":[{"id":3,"eventId":3,"name":"Condition","path":"Condition_221972258","areaLeft":908,"areaTop":2111,"areaRight":1038,"areaBottom":2248,"threshold":20,"detectionType":1,"shouldBeDetected":true}]}],"endConditions":[]}}