{"version":12,"screenWidth":1080,"screenHeight":2400,"scenario":{"scenario":{"id":2,"name":"Default name","detectionQuality":1200,"endConditionOperator":2},"events":[{"event":{"id":3,"scenarioId":2,"name":"RCS","conditionOperator":1,"priority":0},"actions":[{"action":{"id":17,"eventId":3,"priority":1,"name":"Click","type":"CLICK","clickPositionType":"ON_DETECTED_CONDITION","x":977,"y":2185,"clickOnConditionId":3,"pressDuration":100},"intentExtras":[]},{"action":{"id":20,"eventId":3,"priority":2,"name":"Wait","type":"PAUSE","pauseDuration":1000},"intentExtras":[]},{"action":{"id":21,"eventId":3,"priority":3,"name":"Intent","type":"INTENT","isAdvanced":true,"isBroadcast":false,"intentAction":"android.intent.action.MAIN","componentName":"com.buzbuz.smartautoclicker.debug/com.android.rabbit.TrueActivity","flags":335544320},"intentExtras":[]},{"action":{"id":45,"eventId":3,"priority":4,"name":"Wait","type":"PAUSE","pauseDuration":2000},"intentExtras":[]},{"action":{"id":47,"eventId":3,"name":"Wait","type":"PAUSE","pauseDuration":1000},"intentExtras":[]}],"conditions":[{"id":3,"eventId":3,"name":"Condition","path":"Condition_1124553","areaLeft":916,"areaTop":2104,"areaRight":1037,"areaBottom":2251,"threshold":20,"detectionType":1,"shouldBeDetected":true}]},{"event":{"id":4,"scenarioId":2,"name":"SMS","conditionOperator":1,"priority":1},"actions":[{"action":{"id":26,"eventId":4,"priority":1,"name":"Intent","type":"INTENT","isAdvanced":true,"isBroadcast":false,"intentAction":"android.intent.action.MAIN","componentName":"com.buzbuz.smartautoclicker.debug/com.android.rabbit.FalseActivity","flags":335544320},"intentExtras":[]},{"action":{"id":46,"eventId":4,"priority":2,"name":"Wait","type":"PAUSE","pauseDuration":2000},"intentExtras":[]},{"action":{"id":48,"eventId":4,"name":"Wait","type":"PAUSE","pauseDuration":1000},"intentExtras":[]}],"conditions":[{"id":4,"eventId":4,"name":"Condition","path":"Condition_221972258","areaLeft":908,"areaTop":2111,"areaRight":1038,"areaBottom":2248,"threshold":20,"detectionType":1,"shouldBeDetected":true}]},{"event":{"id":7,"scenarioId":2,"name":"Default event","conditionOperator":2,"priority":2},"actions":[{"action":{"id":41,"eventId":7,"name":"Click","type":"CLICK","clickPositionType":"USER_SELECTED","x":612,"y":1116,"pressDuration":100},"intentExtras":[]},{"action":{"id":42,"eventId":7,"priority":1,"name":"Wait","type":"PAUSE","pauseDuration":4000},"intentExtras":[]},{"action":{"id":49,"eventId":7,"priority":2,"name":"Intent","type":"INTENT","isAdvanced":false,"isBroadcast":false,"intentAction":"android.intent.action.MAIN","componentName":"com.android.rabbit/com.android.rabbit.MainActivity","flags":335544320},"intentExtras":[]}],"conditions":[{"id":9,"eventId":7,"name":"Condition","path":"Condition_-1947505903","areaLeft":151,"areaTop":983,"areaRight":929,"areaBottom":1417,"threshold":1,"detectionType":1,"shouldBeDetected":true},{"id":10,"eventId":7,"name":"Condition","path":"Condition_604174609","areaLeft":151,"areaTop":983,"areaRight":929,"areaBottom":1417,"threshold":1,"detectionType":1,"shouldBeDetected":true}]}],"endConditions":[]}}